Depth (cm),Age (ka BP),Ti/Ca
0.5,0.587,0.009
1,0.679,0.010
1.5,0.771,0.009
2,0.863,0.009
2.5,0.955,0.009
3,1.047,0.008
3.5,1.139,0.008
4,1.231,0.009
4.5,1.323,0.008
5,1.415,0.008
5.5,1.506,0.008
6,1.598,0.007
6.5,1.690,0.009
7,1.782,0.009
7.5,1.874,0.009
8,1.966,0.009
8.5,2.058,0.009
9,2.150,0.010
9.5,2.242,0.009
10,2.334,0.009
10.5,2.426,0.009
11,2.518,0.009
11.5,2.610,0.010
12,2.702,0.010
12.5,2.794,0.010
13,2.886,0.010
13.5,2.978,0.010
14,3.070,0.010
14.5,3.161,0.010
15,3.253,0.011
15.5,3.345,0.011
16,3.437,0.010
16.5,3.529,0.009
17,3.621,0.010
17.5,3.713,0.010
18,3.805,0.010
18.5,3.897,0.010
19,3.989,0.011
19.5,4.081,0.010
20,4.173,0.010
20.5,4.265,0.010
21,4.357,0.010
21.5,4.449,0.010
22,4.541,0.010
22.5,4.633,0.011
23,4.724,0.011
23.5,4.816,0.011
24,4.908,0.011
24.5,5.000,0.011
25,5.092,0.011
25.5,5.184,0.011
26,5.276,0.011
26.5,5.368,0.012
27,5.460,0.011
27.5,5.519,0.011
28,5.579,0.011
28.5,5.638,0.011
29,5.697,0.012
29.5,5.756,0.012
30,5.816,0.012
30.5,5.875,0.012
31,5.934,0.012
31.5,5.994,0.012
32,6.053,0.012
32.5,6.112,0.012
33,6.171,0.013
33.5,6.231,0.012
34,6.290,0.013
34.5,6.349,0.013
35,6.408,0.014
35.5,6.468,0.011
36,6.527,0.012
36.5,6.586,0.012
37,6.646,0.012
37.5,6.705,0.012
38,6.764,0.012
38.5,6.823,0.013
39,6.883,0.012
39.5,6.942,0.012
40,7.001,0.011
40.5,7.060,0.009
41,7.120,0.011
41.5,7.179,0.011
42,7.238,0.011
42.5,7.298,0.012
43,7.357,0.012
43.5,7.416,0.012
44,7.475,0.013
44.5,7.535,0.011
45,7.594,0.011
45.5,7.653,0.011
46,7.713,0.011
46.5,7.772,0.013
47,7.831,0.013
47.5,7.890,0.013
48,7.950,0.012
48.5,8.009,0.012
49,8.068,0.013
49.5,8.128,0.014
50,8.187,0.013
50.5,8.246,0.014
51,8.305,0.015
51.5,8.365,0.016
52,8.424,0.015
52.5,8.483,0.015
53,8.542,0.015
53.5,8.602,0.016
54,8.661,0.016
54.5,8.720,0.016
55,8.780,0.017
55.5,8.839,0.017
56,8.898,0.018
56.5,8.957,0.020
57,9.017,0.020
57.5,9.076,0.019
58,9.135,0.020
58.5,9.194,0.021
59,9.254,0.025
59.5,9.313,0.023
60,9.372,0.026
60.5,9.432,0.026
61,9.491,0.029
61.5,9.550,0.025
62,9.609,0.027
62.5,9.669,0.027
63,9.728,0.026
63.5,9.750,0.025
64,9.772,0.029
64.5,9.793,0.026
65,9.815,0.026
65.5,9.837,0.027
66,9.859,0.027
66.5,9.881,0.029
67,9.903,0.031
67.5,9.924,0.033
68,9.946,0.033
68.5,9.968,0.042
69,9.990,0.041
69.5,10.012,0.039
70,10.034,0.038
70.5,10.055,0.037
71,10.077,0.038
71.5,10.099,0.039
72,10.121,0.041
72.5,10.143,0.042
73,10.165,0.044
73.5,10.186,0.044
74,10.208,0.041
74.5,10.230,0.041
75,10.252,0.044
75.5,10.274,0.046
76,10.295,0.050
76.5,10.317,0.049
77,10.339,0.046
77.5,10.361,0.043
78,10.383,0.043
78.5,10.405,0.043
79,10.426,0.043
79.5,10.448,0.046
80,10.470,0.047
80.5,10.492,0.043
81,10.514,0.047
81.5,10.536,0.047
82,10.557,0.050
82.5,10.579,0.052
83,10.601,0.052
83.5,10.623,0.050
84,10.645,0.055
84.5,10.666,0.049
85,10.688,0.054
85.5,10.710,0.049
86,10.732,0.048
86.5,10.754,0.053
87,10.776,0.057
87.5,10.797,0.060
88,10.819,0.060
88.5,10.841,0.055
89,10.863,0.045
89.5,10.885,0.059
90,10.907,0.062
90.5,10.928,0.062
91,10.950,0.059
91.5,10.972,0.063
92,10.994,0.076
92.5,11.016,0.090
93,11.038,0.078
93.5,11.059,0.083
94,11.081,0.096
94.5,11.103,0.111
95,11.125,0.120
95.5,11.147,0.119
96,11.168,0.103
96.5,11.190,0.085
97,11.212,0.070
97.5,11.234,0.069
98,11.256,0.064
98.5,11.278,0.068
99,11.299,0.069
99.5,11.321,0.110
100,11.343,0.139
100.5,11.365,0.158
101,11.387,0.164
101.5,11.409,0.153
102,11.430,0.166
102.5,11.452,0.163
103,11.474,0.165
103.5,11.496,0.175
104,11.518,0.171
104.5,11.540,0.170
105,11.561,0.166
105.5,11.583,0.178
106,11.605,0.164
106.5,11.627,0.181
107,11.649,0.173
107.5,11.670,0.150
108,11.692,0.122
108.5,11.714,0.147
109,11.736,0.136
109.5,11.758,0.138
110,11.780,0.144
110.5,11.801,0.172
111,11.823,0.163
111.5,11.845,0.168
112,11.867,0.180
112.5,11.889,0.178
113,11.911,0.177
113.5,11.932,0.173
114,11.954,0.170
114.5,11.976,0.148
115,11.998,0.175
115.5,12.020,0.177
116,12.041,0.167
116.5,12.063,0.156
117,12.085,0.171
117.5,12.107,0.152
118,12.129,0.127
118.5,12.151,0.124
119,12.172,0.153
119.5,12.194,0.161
120,12.216,0.140
120.5,12.238,0.125
121,12.260,0.139
121.5,12.282,0.147
122,12.303,0.150
122.5,12.325,0.150
123,12.347,0.163
123.5,12.369,0.156
124,12.391,0.136
124.5,12.413,0.146
125,12.434,0.153
125.5,12.456,0.157
126,12.478,0.143
126.5,12.504,0.100
127,12.530,0.137
127.5,12.556,0.103
128,12.582,0.085
128.5,12.609,0.139
129,12.635,0.165
129.5,12.661,0.161
130,12.687,0.135
130.5,12.713,0.145
131,12.739,0.137
131.5,12.765,0.107
132,12.791,0.126
132.5,12.817,0.125
133,12.844,0.131
133.5,12.870,0.129
134,12.896,0.125
134.5,12.922,0.119
135,12.948,0.113
135.5,12.974,0.110
136,13.000,0.102
136.5,13.026,0.108
137,13.052,0.110
137.5,13.079,0.103
138,13.105,0.084
138.5,13.131,0.078
139,13.157,0.084
139.5,13.183,0.080
140,13.209,0.073
140.5,13.235,0.071
141,13.261,0.078
141.5,13.288,0.079
142,13.314,0.078
142.5,13.340,0.075
143,13.366,0.071
143.5,13.392,0.072
144,13.418,0.077
144.5,13.444,0.085
145,13.470,0.078
145.5,13.496,0.068
146,13.523,0.065
146.5,13.549,0.064
147,13.575,0.064
147.5,13.601,0.067
148,13.627,0.063
148.5,13.653,0.065
149,13.679,0.066
149.5,13.705,0.060
150,13.731,0.063
150.5,13.758,0.065
151,13.784,0.063
151.5,13.810,0.065
152,13.836,0.062
152.5,13.862,0.060
153,13.888,0.068
153.5,13.914,0.069
154,13.940,0.067
154.5,13.966,0.066
155,13.993,0.067
155.5,14.019,0.059
156,14.045,0.064
156.5,14.071,0.063
157,14.097,0.066
157.5,14.123,0.074
158,14.149,0.071
158.5,14.175,0.073
159,14.202,0.071
159.5,14.228,0.076
160,14.254,0.087
160.5,14.280,0.098
161,14.306,0.108
161.5,14.332,0.116
162,14.358,0.130
162.5,14.384,0.144
163,14.410,0.141
163.5,14.437,0.137
164,14.463,0.157
164.5,14.489,0.171
165,14.515,0.174
165.5,14.541,0.180
166,14.567,0.207
166.5,14.593,0.223
167,14.619,0.195
167.5,14.645,0.149
168,14.672,0.150
168.5,14.698,0.156
169,14.724,0.147
169.5,14.750,0.157
170,14.776,0.169
,,
218,29.062,0.410
218.5,29.069,0.362
219,29.077,0.376
219.5,29.084,0.424
220,29.092,0.454
220.5,29.099,0.323
221,29.107,0.365
221.5,29.114,0.425
222,29.122,0.402
222.5,29.129,0.367
223,29.137,0.341
223.5,29.144,0.360
224,29.152,0.388
224.5,29.159,0.368
225,29.167,0.464
225.5,29.174,0.436
226,29.182,0.497
226.5,29.189,0.457
227,29.197,0.416
227.5,29.204,0.384
228,29.212,0.455
228.5,29.219,0.530
229,29.227,0.545
229.5,29.234,0.529
230,29.242,0.488
230.5,29.249,0.459
231,29.257,0.445
231.5,29.264,0.472
232,29.272,0.550
232.5,29.279,0.564
233,29.287,0.561
233.5,29.294,0.562
234,29.302,0.535
234.5,29.309,0.518
235,29.317,0.532
235.5,29.324,0.463
236,29.332,0.426
236.5,29.339,0.413
237,29.347,0.430
237.5,29.354,0.480
238,29.362,0.507
238.5,29.369,0.483
239,29.377,0.448
239.5,29.384,0.424
240,29.392,0.434
240.5,29.399,0.426
241,29.407,0.451
241.5,29.414,0.429
242,29.422,0.409
242.5,29.429,0.337
243,29.437,0.321
243.5,29.444,0.357
244,29.452,0.314
244.5,29.459,0.370
245,29.467,0.288
245.5,29.474,0.378
246,29.482,0.372
246.5,29.489,0.357
247,29.497,0.335
247.5,29.504,0.309
248,29.512,0.352
248.5,29.519,0.390
249,29.527,0.440
249.5,29.534,0.450
250,29.542,0.437
250.5,29.549,0.551
251,29.557,0.489
251.5,29.564,0.493
252,29.572,0.488
252.5,29.579,0.472
253,29.587,0.461
253.5,29.594,0.472
254,29.602,0.525
254.5,29.609,0.501
255,29.617,0.439
255.5,29.624,0.521
256,29.632,0.455
256.5,29.639,0.554
257,29.647,0.567
257.5,29.654,0.514
258,29.662,0.499
258.5,29.669,0.582
259,29.677,0.653
259.5,29.684,0.598
260,29.692,0.647
260.5,29.699,0.656
261,29.707,0.654
261.5,29.714,0.625
262,29.722,0.660
262.5,29.729,0.671
263,29.737,0.699
263.5,29.744,0.680
264,29.752,0.572
264.5,29.759,0.603
265,29.767,0.594
265.5,29.774,0.614
266,29.782,0.613
266.5,29.789,0.509
267,29.797,0.570
267.5,29.804,0.467
268,29.812,0.375
268.5,29.819,0.357
269,29.827,0.347
269.5,29.834,0.318
270,29.842,0.306
270.5,29.849,0.326
271,29.857,0.305
271.5,29.864,0.237
272,29.872,0.182
273.5,29.894,0.193
274,29.902,0.194
274.5,29.909,0.170
275,29.917,0.175
275.5,29.924,0.179
276,29.932,0.194
276.5,29.939,0.176
277,29.947,0.161
277.5,29.954,0.165
278,29.962,0.151
278.5,29.969,0.159
279,29.976,0.160
279.5,29.984,0.164
280,29.991,0.171
280.5,29.999,0.166
281,30.006,0.169
281.5,30.014,0.202
282,30.021,0.208
282.5,30.029,0.163
283,30.036,0.140
283.5,30.044,0.150
284,30.051,0.160
284.5,30.059,0.207
285,30.066,0.199
285.5,30.074,0.222
286,30.081,0.230
286.5,30.089,0.202
287,30.096,0.212
287.5,30.104,0.210
288,30.111,0.236
288.5,30.119,0.247
289,30.126,0.246
289.5,30.134,0.234
290,30.141,0.224
290.5,30.149,0.162
291,30.156,0.156
291.5,30.164,0.205
292,30.171,0.221
292.5,30.179,0.202
293,30.186,0.191
293.5,30.194,0.188
294,30.201,0.194
294.5,30.209,0.198
295,30.216,0.195
295.5,30.224,0.182
296,30.231,0.178
296.5,30.239,0.181
297,30.246,0.183
297.5,30.254,0.169
298,30.261,0.169
298.5,30.269,0.175
299,30.276,0.175
299.5,30.284,0.168
300,30.291,0.184
300.5,30.299,0.175
301,30.306,0.166
301.5,30.314,0.159
302,30.321,0.136
302.5,30.329,0.151
303,30.336,0.138
303.5,30.344,0.131
304,30.351,0.136
304.5,30.359,0.131
305,30.366,0.135
305.5,30.374,0.128
306,30.381,0.119
306.5,30.389,0.121
307,30.396,0.112
307.5,30.404,0.106
308,30.411,0.108
308.5,30.419,0.113
309,30.426,0.111
309.5,30.434,0.108
310,30.441,0.109
310.5,30.449,0.103
311,30.456,0.105
311.5,30.464,0.111
312,30.471,0.111
312.5,30.479,0.115
313,30.486,0.112
313.5,30.494,0.113
314,30.501,0.110
314.5,30.509,0.107
315,30.516,0.118
315.5,30.524,0.116
316,30.531,0.119
316.5,30.539,0.120
317,30.546,0.131
317.5,30.554,0.146
318,30.561,0.153
318.5,30.569,0.159
319,30.576,0.163
319.5,30.584,0.144
320,30.591,0.155
320.5,30.599,0.153
321,30.606,0.164
321.5,30.614,0.151
322,30.621,0.149
322.5,30.629,0.138
323,30.636,0.143
323.5,30.644,0.156
324,30.651,0.140
324.5,30.659,0.161
325,30.666,0.164
325.5,30.674,0.171
326,30.681,0.151
326.5,30.689,0.159
327,30.696,0.159
327.5,30.704,0.167
328,30.711,0.166
328.5,30.719,0.171
329,30.726,0.114
329.5,30.734,0.127
330,30.741,0.207
330.5,30.749,0.214
331,30.756,0.208
331.5,30.764,0.205
332,30.771,0.206
332.5,30.779,0.206
333,30.786,0.199
333.5,30.794,0.222
334,30.801,0.213
334.5,30.809,0.227
335,30.816,0.256
335.5,30.824,0.263
336,30.831,0.201
336.5,30.839,0.180
337,30.846,0.235
337.5,30.854,0.230
338,30.861,0.250
338.5,30.880,0.256
339,30.899,0.250
339.5,30.917,0.234
340,30.936,0.228
340.5,30.955,0.250
341,30.974,0.235
341.5,30.993,0.242
342,31.011,0.238
342.5,31.030,0.246
343,31.049,0.270
343.5,31.068,0.239
344,31.087,0.217
344.5,31.105,0.230
345,31.124,0.238
345.5,31.143,0.221
346,31.162,0.229
346.5,31.181,0.230
347,31.199,0.230
347.5,31.218,0.208
348,31.237,0.190
348.5,31.256,0.196
349,31.275,0.189
349.5,31.293,0.181
350,31.312,0.181
350.5,31.331,0.185
351,31.350,0.171
351.5,31.369,0.171
352,31.387,0.174
352.5,31.406,0.166
353,31.425,0.155
353.5,31.444,0.125
354,31.463,0.131
354.5,31.481,0.116
355,31.500,0.115
355.5,31.519,0.111
356,31.538,0.110
356.5,31.557,0.109
357,31.575,0.116
357.5,31.594,0.116
358,31.613,0.116
358.5,31.632,0.117
359,31.651,0.117
359.5,31.669,0.125
360,31.688,0.135
360.5,31.707,0.133
361,31.726,0.126
361.5,31.745,0.135
362,31.764,0.148
362.5,31.782,0.149
363,31.801,0.153
363.5,31.820,0.162
365.5,31.895,0.166
366,31.914,0.173
366.5,31.933,0.175
367,31.952,0.170
367.5,31.970,0.168
368,31.989,0.177
368.5,32.008,0.172
369,32.027,0.181
369.5,32.046,0.207
370,32.064,0.223
370.5,32.083,0.212
371,32.102,0.206
371.5,32.121,0.210
372,32.140,0.209
372.5,32.158,0.203
373,32.177,0.195
373.5,32.196,0.212
374,32.215,0.214
374.5,32.234,0.212
375,32.252,0.209
375.5,32.271,0.202
376,32.290,0.203
376.5,32.309,0.204
377,32.328,0.189
377.5,32.346,0.219
378,32.365,0.238
378.5,32.384,0.231
379,32.403,0.216
379.5,32.422,0.221
380,32.440,0.240
380.5,32.459,0.227
381,32.478,0.227
381.5,32.497,0.234
382,32.516,0.211
382.5,32.534,0.201
383,32.553,0.201
383.5,32.572,0.192
384,32.591,0.195
384.5,32.610,0.182
385,32.628,0.179
385.5,32.647,0.180
386,32.666,0.192
386.5,32.702,0.192
387,32.737,0.158
387.5,32.773,0.131
388,32.808,0.127
388.5,32.844,0.138
389,32.880,0.138
389.5,32.915,0.127
390,32.951,0.121
390.5,32.987,0.112
391,33.022,0.117
391.5,33.058,0.107
392,33.094,0.107
392.5,33.129,0.101
393,33.165,0.100
393.5,33.200,0.099
394,33.236,0.102
394.5,33.272,0.122
395,33.307,0.115
395.5,33.343,0.091
396,33.378,0.085
396.5,33.414,0.088
397,33.450,0.085
397.5,33.485,0.085
398,33.521,0.091
398.5,33.557,0.093
399,33.592,0.094
399.5,33.628,0.113
400,33.664,0.127
400.5,33.699,0.104
401,33.735,0.093
401.5,33.770,0.092
402,33.806,0.099
402.5,33.842,0.101
403,33.877,0.096
403.5,33.913,0.093
404,33.948,0.103
404.5,33.984,0.099
405,34.020,0.102
405.5,34.055,0.103
406,34.091,0.098
406.5,34.127,0.097
407,34.162,0.112
407.5,34.198,0.116
408,34.234,0.116
408.5,34.269,0.107
409,34.305,0.110
409.5,34.340,0.121
410,34.376,0.107
410.5,34.412,0.098
411,34.447,0.098
411.5,34.483,0.097
412,34.518,0.104
412.5,34.554,0.097
413,34.590,0.112
413.5,34.625,0.099
414,34.661,0.083
414.5,34.680,0.097
415,34.698,0.087
415.5,34.717,0.126
416,34.736,0.121
416.5,34.754,0.124
417,34.773,0.132
417.5,34.792,0.132
418,34.810,0.151
418.5,34.829,0.142
419,34.848,0.132
419.5,34.867,0.119
420,34.885,0.133
420.5,34.904,0.154
421,34.923,0.157
421.5,34.941,0.154
422,34.960,0.182
422.5,34.979,0.192
423,34.997,0.179
423.5,35.016,0.183
424,35.035,0.199
424.5,35.053,0.151
425,35.072,0.102
425.5,35.091,0.084
426,35.110,0.116
426.5,35.128,0.189
427,35.147,0.187
427.5,35.166,0.189
428,35.184,0.137
428.5,35.203,0.198
429,35.222,0.206
429.5,35.240,0.215
430,35.259,0.241
430.5,35.278,0.248
431,35.296,0.233
431.5,35.315,0.235
432,35.334,0.245
432.5,35.352,0.245
433,35.371,0.271
433.5,35.390,0.277
434,35.408,0.262
434.5,35.427,0.265
435,35.446,0.251
435.5,35.465,0.303
436,35.483,0.283
436.5,35.502,0.295
437,35.521,0.275
437.5,35.539,0.309
438,35.558,0.306
438.5,35.577,0.313
439,35.595,0.289
439.5,35.614,0.254
440,35.633,0.160
440.5,35.651,0.146
441,35.670,0.211
441.5,35.689,0.321
442,35.708,0.243
442.5,35.726,0.224
443,35.745,0.251
443.5,35.764,0.237
444,35.782,0.212
444.5,35.801,0.203
445,35.820,0.220
445.5,35.838,0.209
446,35.857,0.211
446.5,35.878,0.197
447,35.898,0.189
447.5,35.919,0.193
448,35.939,0.168
448.5,35.960,0.145
449,35.980,0.120
449.5,36.001,0.127
450,36.021,0.128
450.5,36.042,0.126
451,36.062,0.103
451.5,36.083,0.120
452,36.103,0.100
452.5,36.124,0.095
453,36.144,0.098
453.5,36.165,0.133
454,36.186,0.178
454.5,36.206,0.156
455,36.227,0.103
455.5,36.247,0.101
456,36.268,0.091
456.5,36.288,0.097
457,36.309,0.097
457.5,36.329,0.093
458,36.350,0.098
458.5,36.370,0.090
459,36.391,0.091
459.5,36.411,0.086
460,36.432,0.088
460.5,36.452,0.084
461,36.473,0.083
461.5,36.494,0.084
462,36.514,0.087
462.5,36.535,0.090
463,36.555,0.087
463.5,36.576,0.083
464,36.596,0.106
464.5,36.617,0.090
465,36.637,0.076
465.5,36.658,0.077
466,36.678,0.062
466.5,36.699,0.080
467,36.719,0.081
467.5,36.740,0.076
468,36.761,0.081
468.5,36.781,0.090
469,36.802,0.088
469.5,36.822,0.073
470,36.843,0.072
470.5,36.863,0.079
471,36.884,0.095
471.5,36.904,0.091
472,36.925,0.090
472.5,36.945,0.094
473,36.966,0.092
473.5,36.986,0.091
474,37.007,0.082
474.5,37.027,0.070
475,37.048,0.070
475.5,37.069,0.083
476,37.089,0.083
476.5,37.110,0.081
477,37.130,0.081
477.5,37.151,0.102
478,37.171,0.099
478.5,37.192,0.098
479,37.212,0.096
479.5,37.233,0.101
480,37.253,0.097
480.5,37.274,0.100
481,37.294,0.098
481.5,37.315,0.098
482,37.335,0.096
482.5,37.356,0.096
483,37.377,0.101
483.5,37.397,0.099
484,37.418,0.101
484.5,37.438,0.100
485,37.459,0.098
485.5,37.479,0.092
486,37.500,0.105
486.5,37.520,0.094
487,37.541,0.093
487.5,37.561,0.107
488,37.582,0.105
488.5,37.602,0.107
489,37.623,0.100
489.5,37.644,0.100
490,37.664,0.102
490.5,37.685,0.117
491,37.705,0.123
491.5,37.726,0.124
492,37.746,0.120
492.5,37.767,0.124
493,37.787,0.123
493.5,37.808,0.123
494,37.828,0.117
494.5,37.849,0.122
495,37.869,0.124
495.5,37.890,0.132
496,37.910,0.143
496.5,37.931,0.150
497,37.952,0.148
497.5,37.972,0.151
498,37.993,0.152
498.5,38.013,0.167
499,38.034,0.177
499.5,38.054,0.208
500,38.075,0.203
500.5,38.095,0.204
501,38.116,0.208
501.5,38.136,0.219
502,38.157,0.210
502.5,38.177,0.214
503,38.198,0.238
503.5,38.218,0.131
504,38.239,0.154
504.5,38.250,0.253
505,38.260,0.272
505.5,38.271,0.276
506,38.282,0.289
506.5,38.293,0.287
507,38.303,0.292
507.5,38.314,0.288
508,38.325,0.273
508.5,38.336,0.277
509,38.346,0.288
509.5,38.357,0.211
510,38.368,0.274
510.5,38.379,0.290
511,38.389,0.313
511.5,38.400,0.327
512,38.411,0.337
512.5,38.422,0.318
513,38.432,0.361
513.5,38.443,0.315
514,38.454,0.294
514.5,38.465,0.348
515,38.475,0.382
515.5,38.486,0.397
516,38.497,0.397
516.5,38.507,0.374
517,38.518,0.406
517.5,38.529,0.371
518,38.540,0.390
518.5,38.550,0.420
519,38.561,0.424
519.5,38.572,0.418
520,38.583,0.445
520.5,38.593,0.374
521,38.604,0.393
521.5,38.615,0.379
522,38.626,0.398
522.5,38.636,0.431
523,38.647,0.400
523.5,38.658,0.413
524,38.669,0.374
524.5,38.679,0.371
525,38.690,0.309
525.5,38.701,0.309
526,38.712,0.327
526.5,38.722,0.300
527,38.733,0.345
527.5,38.744,0.426
528,38.754,0.417
528.5,38.765,0.352
529,38.776,0.302
529.5,38.787,0.272
530,38.797,0.252
530.5,38.808,0.288
531,38.819,0.313
531.5,38.830,0.413
532,38.840,0.388
532.5,38.851,0.386
533,38.862,0.396
533.5,38.873,0.433
534,38.883,0.446
534.5,38.894,0.440
535,38.905,0.327
535.5,38.916,0.455
536,38.926,0.440
536.5,38.937,0.376
537,38.948,0.403
537.5,38.959,0.359
538,38.969,0.357
538.5,38.980,0.317
539,38.991,0.298
539.5,39.001,0.359
540,39.012,0.333
540.5,39.023,0.304
541,39.034,0.262
541.5,39.044,0.249
542,39.055,0.280
542.5,39.066,0.254
543,39.077,0.260
543.5,39.087,0.244
544,39.098,0.253
544.5,39.109,0.229
545,39.120,0.245
545.5,39.130,0.246
546,39.141,0.247
546.5,39.152,0.251
547,39.163,0.247
547.5,39.173,0.254
548,39.184,0.264
548.5,39.195,0.266
549,39.206,0.263
549.5,39.216,0.261
550,39.227,0.281
550.5,39.257,0.274
551,39.287,0.280
551.5,39.317,0.241
552,39.347,0.254
552.5,39.377,0.250
553,39.407,0.242
553.5,39.437,0.245
554,39.467,0.282
554.5,39.497,0.293
555,39.528,0.289
555.5,39.558,0.197
556,39.588,0.231
556.5,39.618,0.244
557,39.648,0.229
557.5,39.678,0.198
558,39.708,0.209
558.5,39.738,0.203
559,39.768,0.211
559.5,39.798,0.183
560,39.828,0.178
560.5,39.858,0.187
561,39.888,0.172
561.5,39.918,0.166
562,39.948,0.153
562.5,39.978,0.079
563,40.008,0.115
563.5,40.038,0.138
564,40.068,0.133
564.5,40.098,0.124
565,40.128,0.123
565.5,40.159,0.135
566,40.189,0.143
566.5,40.219,0.141
567,40.249,0.114
567.5,40.279,0.106
568,40.309,0.108
568.5,40.339,0.109
569,40.369,0.116
569.5,40.399,0.117
570,40.429,0.124
570.5,40.459,0.117
571,40.489,0.114
571.5,40.519,0.115
572,40.549,0.125
572.5,40.579,0.110
573,40.609,0.124
573.5,40.639,0.143
574,40.669,0.190
574.5,40.699,0.176
575,40.730,0.135
575.5,40.760,0.128
576,40.790,0.124
576.5,40.820,0.126
577,40.850,0.137
577.5,40.880,0.135
578,40.910,0.140
578.5,40.940,0.143
579,40.970,0.132
579.5,41.000,0.133
580,41.030,0.122
580.5,41.060,0.119
581,41.090,0.121
581.5,41.120,0.116
582,41.150,0.116
582.5,41.180,0.114
583,41.210,0.114
583.5,41.240,0.103
584,41.270,0.098
584.5,41.300,0.096
585,41.330,0.102
585.5,41.361,0.098
586,41.391,0.102
586.5,41.421,0.097
587,41.451,0.098
587.5,41.481,0.099
588,41.511,0.096
588.5,41.541,0.093
589,41.571,0.096
589.5,41.601,0.090
590,41.631,0.092
590.5,41.661,0.098
591,41.691,0.099
591.5,41.721,0.099
592,41.751,0.098
592.5,41.781,0.111
593,41.811,0.105
593.5,41.841,0.113
594,41.871,0.115
594.5,41.901,0.109
595,41.932,0.104
595.5,41.962,0.109
596,41.992,0.130
596.5,42.022,0.129
597,42.052,0.117
597.5,42.082,0.107
598,42.112,0.129
598.5,42.142,0.126
599,42.172,0.139
599.5,42.202,0.146
600,42.232,0.148
600.5,42.262,0.145
601,42.292,0.156
601.5,42.322,0.150
602,42.352,0.155
602.5,42.382,0.186
603,42.412,0.196
603.5,42.442,0.212
604,42.472,0.210
604.5,42.502,0.212
605,42.532,0.284
605.5,42.563,0.287
606,42.593,0.282
606.5,42.623,0.257
607,42.653,0.319
607.5,42.683,0.259
608,42.713,0.234
608.5,42.743,0.221
609,42.773,0.234
609.5,42.803,0.215
610,42.833,0.225
610.5,42.863,0.214
611,42.893,0.180
611.5,42.923,0.181
612,42.953,0.179
612.5,42.983,0.178
613,43.013,0.189
613.5,43.043,0.194
614,43.073,0.187
614.5,43.103,0.159
615,43.134,0.126
615.5,43.164,0.136
616,43.194,0.123
616.5,43.224,0.130
617,43.254,0.139
617.5,43.284,0.154
618,43.314,0.129
618.5,43.344,0.117
619,43.374,0.117
619.5,43.404,0.123
620,43.434,0.106
620.5,43.464,0.098
621,43.494,0.109
621.5,43.524,0.108
622,43.554,0.099
622.5,43.584,0.113
623,43.614,0.102
623.5,43.644,0.099
624,43.674,0.098
624.5,43.704,0.101
625,43.734,0.093
625.5,43.765,0.091
626,43.795,0.089
626.5,43.825,0.096
627,43.855,0.092
627.5,43.885,0.095
628,43.915,0.090
628.5,43.945,0.091
629,43.975,0.089
629.5,44.005,0.100
630,44.035,0.092
630.5,44.050,0.097
631,44.064,0.095
631.5,44.079,0.094
632,44.094,0.094
632.5,44.109,0.094
633,44.123,0.095
633.5,44.138,0.096
634,44.153,0.098
634.5,44.167,0.098
635,44.182,0.094
635.5,44.197,0.119
636,44.212,0.117
636.5,44.226,0.117
637,44.241,0.120
637.5,44.256,0.119
638,44.270,0.122
638.5,44.285,0.125
639,44.300,0.128
639.5,44.314,0.117
640,44.329,0.118
640.5,44.344,0.128
641,44.359,0.134
641.5,44.373,0.133
642,44.388,0.129
642.5,44.403,0.134
643,44.417,0.132
643.5,44.432,0.134
644,44.447,0.143
644.5,44.462,0.137
645,44.476,0.140
645.5,44.491,0.144
646,44.506,0.144
646.5,44.520,0.145
647,44.535,0.143
647.5,44.550,0.208
648,44.564,0.195
648.5,44.579,0.155
649,44.594,0.105
649.5,44.609,0.158
650,44.623,0.204
650.5,44.638,0.190
651,44.653,0.229
651.5,44.667,0.233
652,44.682,0.238
652.5,44.697,0.212
653,44.712,0.206
653.5,44.726,0.192
654,44.741,0.210
654.5,44.756,0.216
655,44.770,0.230
655.5,44.785,0.198
656,44.800,0.226
656.5,44.815,0.226
657,44.829,0.225
657.5,44.844,0.251
658,44.859,0.252
658.5,44.873,0.246
659,44.888,0.212
659.5,44.903,0.266
660,44.918,0.266
660.5,44.932,0.260
661,44.947,0.280
661.5,44.962,0.333
662,44.976,0.361
662.5,44.991,0.273
663,45.006,0.259
663.5,45.020,0.245
664,45.035,0.234
664.5,45.050,0.237
665,45.065,0.222
665.5,45.079,0.213
666,45.094,0.213
666.5,45.109,0.208
667,45.123,0.202
667.5,45.138,0.198
668,45.153,0.203
668.5,45.168,0.211
669,45.182,0.209
669.5,45.197,0.214
670,45.212,0.210
670.5,45.226,0.229
671,45.241,0.219
671.5,45.256,0.287
672,45.270,0.210
672.5,45.285,0.153
673,45.300,0.114
673.5,45.315,0.127
674,45.329,0.122
674.5,45.344,0.123
675,45.359,0.121
675.5,45.373,0.122
676,45.388,0.120
676.5,45.403,0.119
677,45.418,0.113
677.5,45.432,0.112
678,45.447,0.114
678.5,45.462,0.112
679,45.476,0.104
679.5,45.491,0.106
680,45.506,0.106
680.5,45.521,0.102
681,45.535,0.099
681.5,45.550,0.106
682,45.565,0.094
682.5,45.579,0.099
683,45.594,0.105
683.5,45.609,0.107
684,45.624,0.107
684.5,45.638,0.108
685,45.653,0.103
685.5,45.668,0.097
686,45.682,0.104
686.5,45.697,0.094
687,45.712,0.094
687.5,45.726,0.099
688,45.741,0.099
688.5,45.756,0.092
689,45.771,0.091
689.5,45.785,0.089
690,45.800,0.082
690.5,45.815,0.094
691,45.829,0.097
691.5,45.844,0.082
692,45.859,0.086
692.5,45.874,0.089
693,45.888,0.098
693.5,45.903,0.094
694,45.918,0.099
694.5,45.932,0.104
695,45.947,0.102
695.5,45.962,0.099
696,45.976,0.093
696.5,45.991,0.084
697,46.006,0.090
697.5,46.021,0.095
698,46.035,0.087
698.5,46.050,0.085
699,46.065,0.086
699.5,46.079,0.095
700,46.094,0.093
700.5,46.109,0.085
701,46.124,0.090
701.5,46.138,0.098
702,46.153,0.101
702.5,46.168,0.101
703,46.182,0.095
703.5,46.197,0.101
704,46.212,0.102
704.5,46.227,0.102
705,46.241,0.109
705.5,46.256,0.112
706,46.271,0.105
706.5,46.285,0.109
707,46.300,0.105
707.5,46.315,0.117
708,46.330,0.108
708.5,46.344,0.122
709,46.359,0.122
709.5,46.374,0.118
710,46.388,0.117
710.5,46.403,0.116
711,46.418,0.118
711.5,46.432,0.126
712,46.447,0.132
712.5,46.462,0.122
713,46.477,0.130
713.5,46.491,0.124
714,46.506,0.120
714.5,46.521,0.120
715,46.535,0.115
715.5,46.550,0.124
716,46.565,0.127
716.5,46.580,0.131
717,46.594,0.127
717.5,46.609,0.133
718,46.624,0.137
718.5,46.638,0.153
719,46.653,0.144
719.5,46.668,0.123
720,46.682,0.132
720.5,46.697,0.133
721,46.712,0.120
721.5,46.727,0.138
722,46.741,0.148
722.5,46.756,0.155
723,46.771,0.160
723.5,46.785,0.157
724,46.800,0.147
724.5,46.815,0.143
725,46.830,0.178
725.5,46.844,0.204
726,46.859,0.199
726.5,46.877,0.206
727,46.894,0.257
727.5,46.912,0.302
728,46.930,0.274
728.5,46.947,0.280
729,46.965,0.293
729.5,46.983,0.293
730,47.000,0.303
730.5,47.018,0.262
731,47.036,0.245
731.5,47.053,0.254
732,47.071,0.242
732.5,47.089,0.253
733,47.106,0.214
733.5,47.124,0.258
734,47.142,0.230
734.5,47.160,0.226
735,47.177,0.226
735.5,47.195,0.223
736,47.213,0.233
736.5,47.230,0.253
737,47.248,0.256
737.5,47.266,0.282
738,47.283,0.272
738.5,47.301,0.264
739,47.319,0.281
739.5,47.336,0.295
740,47.354,0.298
740.5,47.372,0.313
741,47.389,0.308
741.5,47.407,0.290
742,47.425,0.290
742.5,47.442,0.276
743,47.460,0.276
743.5,47.478,0.300
744,47.495,0.351
744.5,47.513,0.352
745,47.531,0.360
745.5,47.548,0.348
746,47.566,0.340
746.5,47.584,0.328
747,47.602,0.322
747.5,47.619,0.319
748,47.637,0.303
748.5,47.655,0.295
749,47.672,0.338
749.5,47.690,0.337
750,47.708,0.318
750.5,47.725,0.344
751,47.743,0.351
751.5,47.761,0.376
752,47.778,0.381
752.5,47.796,0.398
753,47.814,0.413
753.5,47.831,0.412
754,47.849,0.422
754.5,47.867,0.420
755,47.884,0.460
755.5,47.902,0.527
756,47.920,0.504
756.5,47.937,0.559
757,47.955,0.564
757.5,47.973,0.588
758,47.990,0.576
758.5,48.008,0.600
759,48.026,0.632
759.5,48.043,0.636
760,48.061,0.656
760.5,48.079,0.665
761,48.096,0.707
761.5,48.114,0.651
762,48.132,0.621
762.5,48.150,0.552
763,48.167,0.538
763.5,48.185,0.535
764,48.203,0.464
764.5,48.220,0.526
765,48.238,0.510
765.5,48.256,0.520
766,48.273,0.539
766.5,48.291,0.482
767,48.309,0.517
767.5,48.326,0.505
768,48.344,0.515
768.5,48.362,0.494
769,48.379,0.493
769.5,48.397,0.446
770,48.415,0.474
770.5,48.432,0.483
771,48.450,0.476
771.5,48.468,0.506
772,48.485,0.517
772.5,48.503,0.584
773,48.521,0.607
773.5,48.538,0.580
774,48.556,0.603
774.5,48.574,0.581
775,48.592,0.608
775.5,48.609,0.583
776,48.627,0.516
776.5,48.645,0.443
777,48.662,0.432
777.5,48.680,0.440
778,48.698,0.479
778.5,48.715,0.416
779,48.733,0.406
779.5,48.751,0.417
780,48.768,0.436
780.5,48.786,0.376
781,48.804,0.353
781.5,48.821,0.320
782,48.839,0.285
782.5,48.864,0.269
783,48.889,0.216
783.5,48.914,0.215
784,48.939,0.216
784.5,48.964,0.218
785,48.989,0.204
785.5,49.014,0.188
786,49.039,0.158
786.5,49.064,0.162
787,49.089,0.163
787.5,49.114,0.160
788,49.138,0.171
788.5,49.163,0.150
789,49.188,0.152
789.5,49.213,0.161
790,49.238,0.145
790.5,49.263,0.152
791,49.288,0.139
791.5,49.313,0.180
792,49.338,0.378
792.5,49.363,0.230
793,49.388,0.148
793.5,49.413,0.140
794,49.438,0.136
794.5,49.463,0.130
795,49.488,0.136
795.5,49.513,0.133
796,49.538,0.131
796.5,49.563,0.134
797,49.588,0.140
797.5,49.613,0.151
798,49.638,0.137
798.5,49.663,0.147
799,49.688,0.141
799.5,49.713,0.142
800,49.737,0.139
800.5,49.762,0.143
801,49.787,0.144
801.5,49.812,0.153
802,49.837,0.149
802.5,49.862,0.123
803,49.887,0.122
803.5,49.912,0.137
804,49.937,0.138
804.5,49.962,0.150
805,49.987,0.156
805.5,50.012,0.154
806,50.037,0.159
806.5,50.062,0.168
807,50.087,0.168
807.5,50.112,0.172
808,50.137,0.171
808.5,50.162,0.171
809,50.187,0.164
809.5,50.212,0.145
810,50.237,0.131
810.5,50.262,0.143
811,50.287,0.148
811.5,50.312,0.139
812,50.336,0.125
812.5,50.361,0.157
813,50.386,0.171
813.5,50.411,0.177
814,50.436,0.173
814.5,50.461,0.189
815,50.486,0.172
815.5,50.511,0.165
816,50.536,0.162
816.5,50.561,0.168
817,50.586,0.140
817.5,50.611,0.145
818,50.636,0.153
818.5,50.661,0.145
819,50.686,0.151
819.5,50.711,0.141
820,50.736,0.149
820.5,50.761,0.146
821,50.786,0.145
821.5,50.811,0.144
822,50.836,0.130
822.5,50.861,0.129
823,50.886,0.131
823.5,50.911,0.128
824,50.935,0.130
824.5,50.960,0.118
825.5,51.010,0.117
826,51.035,0.110
826.5,51.060,0.121
827,51.085,0.116
827.5,51.110,0.106
828,51.135,0.112
828.5,51.160,0.108
829,51.185,0.109
829.5,51.210,0.111
830,51.235,0.111
830.5,51.260,0.110
831,51.285,0.103
831.5,51.310,0.102
832,51.335,0.103
832.5,51.360,0.104
833,51.385,0.104
833.5,51.410,0.106
834,51.435,0.101
834.5,51.460,0.092
835,51.485,0.089
835.5,51.510,0.097
836,51.534,0.103
836.5,51.559,0.098
837,51.584,0.097
837.5,51.609,0.102
838,51.634,0.104
838.5,51.659,0.101
839,51.684,0.104
839.5,51.709,0.097
840,51.734,0.101
840.5,51.759,0.101
841,51.784,0.101
841.5,51.809,0.094
842,51.834,0.104
842.5,51.859,0.105
843,51.884,0.106
843.5,51.909,0.105
844,51.934,0.113
844.5,51.959,0.120
845,51.984,0.136
845.5,52.009,0.135
846,52.034,0.124
846.5,52.059,0.117
847,52.084,0.116
847.5,52.108,0.116
848,52.133,0.122
848.5,52.158,0.128
849,52.183,0.120
849.5,52.208,0.108
850,52.233,0.107
850.5,52.258,0.105
851,52.283,0.110
851.5,52.308,0.108
852,52.333,0.102
852.5,52.358,0.112
853,52.383,0.110
853.5,52.408,0.107
854,52.433,0.114
854.5,52.458,0.107
855,52.483,0.107
855.5,52.508,0.107
856,52.533,0.102
856.5,52.558,0.106
857,52.583,0.103
857.5,52.608,0.101
858,52.633,0.101
858.5,52.658,0.099
859,52.683,0.091
859.5,52.707,0.094
860,52.732,0.092
860.5,52.757,0.096
861,52.782,0.108
861.5,52.807,0.103
862,52.832,0.101
862.5,52.857,0.095
863,52.882,0.091
863.5,52.907,0.098
864,52.932,0.082
864.5,52.957,0.085
865,52.982,0.099
865.5,53.007,0.094
866,53.032,0.095
866.5,53.057,0.090
867,53.082,0.098
867.5,53.107,0.092
868,53.132,0.094
868.5,53.157,0.099
869,53.182,0.099
869.5,53.207,0.102
870,53.232,0.109
870.5,53.257,0.104
871,53.282,0.101
871.5,53.306,0.106
872,53.331,0.100
872.5,53.356,0.102
873,53.381,0.100
873.5,53.406,0.084
874,53.431,0.087
874.5,53.456,0.092
875,53.481,0.090
875.5,53.506,0.094
876,53.531,0.089
876.5,53.556,0.084
877,53.581,0.085
877.5,53.606,0.092
878,53.631,0.104
878.5,53.656,0.107
879,53.681,0.107
879.5,53.706,0.103
880,53.731,0.099
880.5,53.756,0.097
881,53.781,0.093
881.5,53.806,0.094
882,53.831,0.093
882.5,53.856,0.091
883,53.881,0.097
883.5,53.905,0.087
884,53.930,0.089
884.5,53.955,0.089
885,53.980,0.088
885.5,54.005,0.090
886,54.030,0.089
886.5,54.055,0.088
887,54.080,0.084
887.5,54.105,0.088
888,54.130,0.086
888.5,54.155,0.091
889,54.180,0.085
889.5,54.205,0.086
890,54.230,0.085
890.5,54.255,0.084
891,54.280,0.085
891.5,54.305,0.084
892,54.330,0.085
892.5,54.355,0.078
893,54.380,0.083
893.5,54.405,0.085
894,54.430,0.087
894.5,54.455,0.088
895,54.480,0.085
895.5,54.504,0.081
896,54.529,0.092
896.5,54.554,0.096
897,54.579,0.100
897.5,54.604,0.109
898,54.629,0.113
898.5,54.654,0.116
899,54.679,0.138
899.5,54.704,0.131
900,54.729,0.135
900.5,54.754,0.155
901,54.779,0.198
901.5,54.794,0.181
902,54.810,0.191
902.5,54.825,0.219
903,54.841,0.231
903.5,54.856,0.240
904,54.872,0.240
904.5,54.887,0.234
905,54.903,0.233
905.5,54.918,0.254
906,54.934,0.233
906.5,54.949,0.238
907,54.965,0.277
907.5,54.980,0.314
908,54.996,0.347
908.5,55.011,0.381
909,55.027,0.355
909.5,55.042,0.348
910,55.058,0.286
910.5,55.073,0.362
911,55.089,0.345
911.5,55.104,0.350
912,55.120,0.343
912.5,55.135,0.349
913,55.151,0.376
913.5,55.166,0.435
914,55.182,0.454
914.5,55.197,0.401
915,55.213,0.365
915.5,55.228,0.352
916,55.244,0.368
916.5,55.259,0.341
917,55.274,0.336
917.5,55.290,0.246
918,55.305,0.257
918.5,55.321,0.230
919,55.336,0.253
919.5,55.352,0.229
920,55.367,0.212
920.5,55.383,0.202
921,55.398,0.183
921.5,55.414,0.176
922,55.429,0.168
922.5,55.445,0.176
923,55.460,0.180
923.5,55.476,0.202
924,55.491,0.206
924.5,55.507,0.195
925,55.522,0.200
925.5,55.538,0.191
926,55.553,0.222
926.5,55.569,0.227
927,55.584,0.188
927.5,55.600,0.193
928,55.615,0.184
928.5,55.631,0.180
929,55.646,0.165
929.5,55.662,0.164
930,55.677,0.169
930.5,55.693,0.163
931,55.708,0.165
931.5,55.724,0.157
932,55.739,0.164
932.5,55.763,0.172
933,55.786,0.169
933.5,55.810,0.180
934,55.833,0.173
934.5,55.857,0.210
935,55.880,0.235
935.5,55.904,0.221
936,55.927,0.222
936.5,55.951,0.214
937,55.975,0.257
937.5,55.998,0.232
938,56.022,0.195
938.5,56.045,0.187
939,56.069,0.201
939.5,56.092,0.191
940,56.116,0.192
940.5,56.139,0.193
941,56.163,0.188
941.5,56.186,0.191
942,56.210,0.249
942.5,56.234,0.265
943,56.257,0.221
943.5,56.281,0.208
944,56.304,0.216
944.5,56.328,0.209
945,56.351,0.198
945.5,56.375,0.241
946,56.398,0.263
946.5,56.422,0.248
947,56.446,0.269
947.5,56.469,0.245
948,56.493,0.234
948.5,56.516,0.206
949,56.540,0.209
949.5,56.563,0.176
950,56.587,0.186
950.5,56.610,0.174
951,56.634,0.164
951.5,56.658,0.166
952,56.681,0.192
952.5,56.705,0.210
953,56.728,0.190
953.5,56.752,0.159
954,56.775,0.168
954.5,56.799,0.166
955,56.822,0.167
955.5,56.846,0.160
956,56.870,0.157
956.5,56.893,0.164
957,56.917,0.142
957.5,56.940,0.136
958,56.964,0.134
958.5,56.987,0.136
959,57.011,0.133
959.5,57.034,0.126
960,57.058,0.134
960.5,57.082,0.128
961,57.105,0.131
961.5,57.129,0.148
962,57.152,0.140
962.5,57.176,0.132
963,57.199,0.115
963.5,57.223,0.111
964,57.246,0.119
964.5,57.270,0.129
965,57.293,0.122
965.5,57.317,0.105
966,57.341,0.110
966.5,57.364,0.113
967,57.388,0.109
967.5,57.411,0.102
968,57.435,0.111
968.5,57.458,0.101
969,57.482,0.106
969.5,57.505,0.107
970,57.529,0.105
970.5,57.553,0.112
971,57.576,0.108
971.5,57.600,0.106
972,57.623,0.109
972.5,57.647,0.104
973,57.670,0.112
973.5,57.694,0.108
974,57.717,0.104
974.5,57.741,0.116
975,57.765,0.115
975.5,57.788,0.108
976,57.812,0.112
976.5,57.835,0.109
977,57.859,0.110
977.5,57.882,0.116
978,57.906,0.119
978.5,57.929,0.121
979,57.953,0.122
979.5,57.976,0.127
980,58.000,0.124
980.5,58.024,0.122
981,58.047,0.116
981.5,58.071,0.118
982,58.094,0.117
982.5,58.118,0.122
983,58.141,0.110
983.5,58.165,0.117
984,58.188,0.124
984.5,58.212,0.136
985,58.236,0.142
985.5,58.259,0.147
986,58.283,0.152
986.5,58.306,0.147
987,58.330,0.154
987.5,58.353,0.173
988,58.377,0.168
988.5,58.400,0.151
989,58.424,0.145
989.5,58.448,0.138
990,58.471,0.126
990.5,58.495,0.133
991,58.518,0.128
991.5,58.542,0.117
992,58.565,0.123
992.5,58.589,0.118
993,58.612,0.122
993.5,58.636,0.111
994,58.660,0.116
994.5,58.683,0.127
995,58.707,0.121
995.5,58.730,0.125
996,58.754,0.116
996.5,58.777,0.123
997,58.801,0.119
997.5,58.824,0.137
998,58.848,0.140
998.5,58.872,0.134
999,58.895,0.152
999.5,58.919,0.165
1000,58.942,0.170
1000.5,58.966,0.170
1001,58.989,0.157
1001.5,59.013,0.183
1002,59.036,0.299
1002.5,59.060,0.197
1003,59.083,0.215
1003.5,59.107,0.202
1004,59.131,0.205
1004.5,59.154,0.200
1005,59.178,0.198
1005.5,59.201,0.185
1006,59.225,0.197
1006.5,59.248,0.189
1007,59.272,0.198
1007.5,59.295,0.275
1008,59.319,0.195
1008.5,59.380,0.239
1009,59.440,0.247
1009.5,59.501,0.282
1010,59.561,0.275
1010.5,59.622,0.252
1011,59.682,0.224
1011.5,59.743,0.236
1012,59.803,0.238
1012.5,59.864,0.224
1013,59.924,0.227
1013.5,59.985,0.232
1014,60.045,0.242
1014.5,60.106,0.233
1015,60.166,0.237
1015.5,60.227,0.264
1016,60.287,0.275
1016.5,60.348,0.303
1017,60.408,0.346
1017.5,60.469,0.332
1018,60.529,0.331
1018.5,60.590,0.315
1019,60.650,0.299
1019.5,60.711,0.277
1020,60.771,0.258
1020.5,60.832,0.273
1021,60.892,0.263
1021.5,60.953,0.261
1022,61.013,0.281
1022.5,61.074,0.310
1023,61.134,0.298
1023.5,61.195,0.300
1024,61.255,0.313
1024.5,61.316,0.298
1025,61.377,0.277
1025.5,61.437,0.246
1026,61.498,0.202
1026.5,61.558,0.247
1027,61.619,0.286
1027.5,61.679,0.280
1028,61.740,0.324
1028.5,61.800,0.298
1029,61.861,0.309
1029.5,61.921,0.307
1030,61.982,0.330
1030.5,62.042,0.306
1031,62.103,0.324
1031.5,62.163,0.376
1032,62.224,0.376
1032.5,62.284,0.399
1033,62.345,0.385
1033.5,62.405,0.339
1034,62.466,0.297
1034.5,62.526,0.320
1035,62.587,0.304
1035.5,62.647,0.312
1036,62.708,0.315
1036.5,62.768,0.323
1037,62.829,0.315
1037.5,62.889,0.306
1038,62.950,0.319
1038.5,63.010,0.301
1039,63.071,0.317
1039.5,63.131,0.322
1040,63.192,0.319
1040.5,63.253,0.316
1041,63.313,0.339
1041.5,63.374,0.359
1042,63.434,0.381
1042.5,63.495,0.343
1043,63.555,0.334
1043.5,63.616,0.321
1044,63.676,0.311
1044.5,63.737,0.318
1045,63.797,0.371
1045.5,63.858,0.343
1046,63.918,0.324
1046.5,63.979,0.363
1047,64.039,0.386
1047.5,64.100,0.340
1048,64.160,0.311
1048.5,64.221,0.284
1049,64.281,0.275
1049.5,64.342,0.286
1050,64.402,0.294
1050.5,64.463,0.312
1051,64.523,0.308
1051.5,64.584,0.317
1052,64.644,0.314
1052.5,64.705,0.360
1053,64.765,0.326
1053.5,64.826,0.282
1054,64.886,0.273
1054.5,64.947,0.305
1055,65.007,0.311
1055.5,65.068,0.315
1056,65.128,0.341
1056.5,65.189,0.325
1057,65.250,0.316
1057.5,65.310,0.335
1058,65.371,0.334
1058.5,65.431,0.326
1059,65.492,0.337
1059.5,65.552,0.358
1060,65.613,0.345
1060.5,65.673,0.323
1061,65.734,0.349
1061.5,65.794,0.409
1062,65.855,0.459
1062.5,65.915,0.406
1063,65.976,0.431
1063.5,66.036,0.401
1064,66.097,0.401
1064.5,66.157,0.388
1065,66.218,0.344
1065.5,66.278,0.364
1066,66.339,0.363
1066.5,66.399,0.346
1067,66.460,0.346
1067.5,66.520,0.354
1068,66.581,0.357
1068.5,66.641,0.321
1069,66.702,0.300
1069.5,66.762,0.333
1070,66.823,0.347
1070.5,66.883,0.337
1071,66.944,0.343
1071.5,67.004,0.357
1072,67.065,0.383
1072.5,67.125,0.376
1073,67.186,0.438
1073.5,67.247,0.441
1074,67.307,0.435
1074.5,67.368,0.428
1075,67.428,0.453
1075.5,67.489,0.488
1076,67.549,0.459
1076.5,67.610,0.482
1077,67.670,0.512
1077.5,67.731,0.515
1078,67.791,0.463
1078.5,67.852,0.412
1079,67.912,0.429
1079.5,67.973,0.456
1080,68.033,0.437
1080.5,68.094,0.447
1081,68.154,0.458
1081.5,68.215,0.451
1082,68.275,0.454
1082.5,68.336,0.488
1083,68.396,0.498
1083.5,68.457,0.528
1084,68.517,0.458
1084.5,68.578,0.432
1085,68.638,0.483
1085.5,68.699,0.611
1086,68.759,0.679
1086.5,68.820,0.520
1087,68.880,0.490
1087.5,68.941,0.450
1088,69.001,0.429
1088.5,69.062,0.348
1089,69.123,0.468
1089.5,69.183,0.434
1090,69.244,0.433
1090.5,69.304,0.429
1091,69.365,0.371
1091.5,69.425,0.401
1092,69.486,0.408
1092.5,69.546,0.414
1093,69.607,0.420
1093.5,69.667,0.346
1094,69.728,0.332
1094.5,69.788,0.337
1095,69.849,0.377
1095.5,69.909,0.368
1096,69.970,0.324
1096.5,70.030,0.406
1097,70.091,0.421
1097.5,70.151,0.425
1098,70.212,0.439
1098.5,70.272,0.436
1099,70.333,0.464
1099.5,70.393,0.423
1100,70.454,0.442
1100.5,70.514,0.448
1101,70.575,0.485
1101.5,70.635,0.414
1102,70.696,0.484
1102.5,70.756,0.504
1103,70.817,0.432
1103.5,70.877,0.405
1104,70.938,0.391
1104.5,70.998,0.376
1105,71.059,0.341
1105.5,71.078,0.344
1106,71.098,0.343
1106.5,71.117,0.368
1107,71.137,0.345
1107.5,71.156,0.198
1108,71.175,0.234
1108.5,71.195,0.209
1109,71.214,0.202
1109.5,71.234,0.201
1110,71.253,0.200
1110.5,71.272,0.182
1111,71.292,0.198
1111.5,71.311,0.201
1112,71.331,0.195
1112.5,71.350,0.181
1113,71.369,0.153
1113.5,71.389,0.177
1114,71.408,0.212
1114.5,71.427,0.210
1115,71.447,0.124
1115.5,71.466,0.197
1116,71.486,0.226
1116.5,71.505,0.193
1117,71.524,0.200
1117.5,71.544,0.194
1118,71.563,0.215
1118.5,71.583,0.198
1119,71.602,0.172
1119.5,71.621,0.182
1120,71.641,0.178
1120.5,71.660,0.146
1121,71.680,0.140
1121.5,71.699,0.179
1122,71.718,0.218
1122.5,71.738,0.201
1123,71.757,0.209
1123.5,71.777,0.254
1124,71.796,0.291
1124.5,71.815,0.303
1125,71.835,0.333
1125.5,71.854,0.317
1126,71.874,0.297
1126.5,71.893,0.277
1127,71.912,0.286
1127.5,71.932,0.292
1128,71.951,0.324
1128.5,71.971,0.312
1129,71.990,0.302
1129.5,72.009,0.274
1130,72.029,0.212
1130.5,72.048,0.215
1131,72.067,0.217
1131.5,72.087,0.191
1132,72.106,0.159
1132.5,72.126,0.236
1133,72.145,0.236
1133.5,72.164,0.239
1134,72.184,0.240
1134.5,72.203,0.248
1135,72.223,0.279
1135.5,72.242,0.277
1136,72.261,0.255
1136.5,72.281,0.269
1137,72.300,0.272
1137.5,72.320,0.239
1138,72.339,0.250
1138.5,72.434,0.350
1139,72.530,0.454
1139.5,72.625,0.417
1140,72.721,0.403
1140.5,72.816,0.483
1141,72.912,0.447
1141.5,73.007,0.373
1142,73.103,0.388
1142.5,73.198,0.728
1143,73.294,0.808
1143.5,73.389,0.562
1144,73.484,0.479
1144.5,73.580,0.425
1145,73.675,0.408
1145.5,73.771,0.412
1146,73.866,0.413
1146.5,73.962,0.425
1147,74.057,0.347
1147.5,74.153,0.354
1148,74.248,0.380
1148.5,74.344,0.323
1149,74.439,0.303
1149.5,74.452,0.266
1150,74.464,0.283
1150.5,74.477,0.217
1151,74.490,0.193
1151.5,74.502,0.184
1152,74.515,0.184
1152.5,74.527,0.180
1153,74.540,0.174
1153.5,74.553,0.151
1154,74.565,0.147
1154.5,74.578,0.146
1155,74.590,0.165
1155.5,74.603,0.166
1156,74.616,0.195
1156.5,74.628,0.215
1157,74.641,0.200
1157.5,74.654,0.164
1158,74.666,0.161
1158.5,74.679,0.162
1159,74.692,0.161
1159.5,74.704,0.159
1160,74.717,0.157
1160.5,74.729,0.161
1161,74.742,0.160
1161.5,74.755,0.162
1162,74.767,0.170
1162.5,74.780,0.199
1163,74.792,0.193
1163.5,74.805,0.174
1164,74.818,0.180
1164.5,74.830,0.189
1165,74.843,0.152
1165.5,74.856,0.174
1166,74.868,0.178
1166.5,74.881,0.189
1167,74.894,0.180
1167.5,74.906,0.187
1168,74.919,0.184
1168.5,74.931,0.217
1169,74.944,0.222
1169.5,74.957,0.229
1170,74.969,0.187
1170.5,74.982,0.180
1171,74.994,0.163
1171.5,75.007,0.227
1172,75.020,0.214
1172.5,75.032,0.186
1173,75.045,0.217
1173.5,75.058,0.197
1174,75.070,0.213
1174.5,75.083,0.197
1175,75.096,0.210
1175.5,75.108,0.175
1176,75.121,0.160
1176.5,75.133,0.148
1177,75.146,0.152
1177.5,75.159,0.153
1178,75.171,0.163
1178.5,75.184,0.176
1179,75.196,0.182
1179.5,75.209,0.184
1180,75.222,0.161
1180.5,75.234,0.151
1181,75.247,0.154
1181.5,75.260,0.156
1182,75.272,0.148
1182.5,75.285,0.150
1183,75.298,0.148
1183.5,75.310,0.155
1184,75.323,0.147
1184.5,75.335,0.158
1185,75.348,0.159
1185.5,75.361,0.160
1186,75.373,0.157
1186.5,75.386,0.150
1187,75.398,0.178
1187.5,75.411,0.143
1188,75.424,0.161
1188.5,75.436,0.169
1189,75.449,0.164
1189.5,75.462,0.149
1190,75.474,0.162
1190.5,75.487,0.168
1191,75.500,0.165
1191.5,75.512,0.149
1192,75.525,0.175
1192.5,75.537,0.251
1193,75.550,0.228
1193.5,75.563,0.225
1194,75.575,0.169
1194.5,75.588,0.247
1195,75.600,0.305
1195.5,75.613,0.284
1196,75.626,0.265
1196.5,75.638,0.274
1197,75.651,0.255
1197.5,75.664,0.262
1198,75.676,0.252
1198.5,75.689,0.274
1199,75.702,0.280
1199.5,75.714,0.207
1200,75.727,0.176
1200.5,75.739,0.187
1201,75.752,0.191
1201.5,75.765,0.198
1202,75.777,0.196
1202.5,75.790,0.152
1203,75.802,0.144
1203.5,75.815,0.141
1204,75.828,0.140
1204.5,75.840,0.134
1205,75.853,0.123
1205.5,75.866,0.116
1206,75.878,0.116
1206.5,75.891,0.112
1207,75.904,0.115
1207.5,75.916,0.108
1208,75.929,0.121
1208.5,75.941,0.115
1209,75.954,0.116
1209.5,75.967,0.114
1210,75.979,0.108
1210.5,75.992,0.110
1211,76.004,0.117
1211.5,76.017,0.111
1212,76.030,0.121
1212.5,76.042,0.115
1213,76.055,0.109
1213.5,76.068,0.121
1214,76.080,0.129
1214.5,76.093,0.129
1215,76.106,0.150
1215.5,76.118,0.140
1216,76.131,0.133
1216.5,76.143,0.134
1217,76.156,0.133
1217.5,76.169,0.128
1218,76.181,0.130
1218.5,76.194,0.115
1219,76.206,0.126
1219.5,76.219,0.130
1220,76.232,0.130
1220.5,76.244,0.122
1221,76.257,0.121
1221.5,76.270,0.116
1222,76.282,0.117
1222.5,76.295,0.114
1223,76.308,0.109
1223.5,76.320,0.115
1224,76.333,0.121
1224.5,76.345,0.120
1225,76.358,0.123
1225.5,76.371,0.122
1226,76.383,0.122
1226.5,76.396,0.128
1227,76.408,0.123
1227.5,76.421,0.124
1228,76.434,0.144
1228.5,76.446,0.177
1229,76.459,0.188
1229.5,76.482,0.189
1230,76.506,0.228
1230.5,76.529,0.216
1231,76.552,0.244
1231.5,76.576,0.278
1232,76.599,0.305
1232.5,76.622,0.298
1233,76.646,0.293
1233.5,76.669,0.253
1234,76.692,0.199
1234.5,76.716,0.268
1235,76.739,0.298
1235.5,76.762,0.292
1236,76.786,0.281
1236.5,76.809,0.269
1237,76.832,0.262
1237.5,76.856,0.268
1238,76.879,0.294
1238.5,76.902,0.340
1239,76.926,0.341
1239.5,76.949,0.244
1240,76.972,0.206
1240.5,76.996,0.227
1241,77.019,0.465
1241.5,77.042,0.528
1242,77.066,0.458
1242.5,77.089,0.567
1243,77.112,0.579
1243.5,77.136,0.576
1244,77.159,0.580
1244.5,77.182,0.562
1245,77.206,0.545
1245.5,77.229,0.620
1246,77.252,0.613
1246.5,77.276,0.492
1247,77.299,0.437
1247.5,77.322,0.395
1248,77.346,0.395
1248.5,77.369,0.323
1249,77.392,0.345
1249.5,77.416,0.356
1250,77.439,0.330
1250.5,77.462,0.320
1251,77.486,0.363
1251.5,77.509,0.394
1252,77.532,0.352
1252.5,77.556,0.333
1253,77.579,0.332
1253.5,77.602,0.292
1254,77.626,0.283
1254.5,77.649,0.291
1255,77.672,0.286
1255.5,77.696,0.299
1256,77.719,0.340
1256.5,77.742,0.348
1257,77.766,0.391
1257.5,77.789,0.391
1258,77.812,0.381
1258.5,77.836,0.336
1259,77.859,0.317
1259.5,77.882,0.341
1260,77.906,0.315
1260.5,77.929,0.300
1261,77.952,0.326
1261.5,77.976,0.393
1262,77.999,0.365
1262.5,78.022,0.382
1263,78.046,0.426
1263.5,78.069,0.436
1264,78.092,0.534
1264.5,78.116,0.506
1265,78.139,0.424
1265.5,78.162,0.411
1266,78.186,0.363
1266.5,78.209,0.331
1267,78.232,0.305
1267.5,78.256,0.277
1268,78.279,0.243
1268.5,78.319,0.222
1269,78.358,0.181
1269.5,78.398,0.183
1270,78.437,0.170
1270.5,78.477,0.151
1271,78.516,0.143
1271.5,78.556,0.131
1272,78.595,0.157
1272.5,78.635,0.091
1273,78.674,0.066
1273.5,78.714,0.065
1274,78.753,0.058
1274.5,78.793,0.057
1275,78.833,0.051
1275.5,78.872,0.054
1276,78.912,0.052
1276.5,78.951,0.054
1277,78.991,0.054
1277.5,79.030,0.064
1278,79.070,0.059
1278.5,79.109,0.060
1279,79.149,0.056
1279.5,79.188,0.050
1280,79.228,0.049
1280.5,79.268,0.050
1281,79.307,0.050
1281.5,79.347,0.047
1282,79.386,0.049
1282.5,79.426,0.050
1283,79.465,0.048
1283.5,79.505,0.069
1284,79.544,0.072
1284.5,79.584,0.070
1285,79.623,0.063
1285.5,79.663,0.064
1286,79.702,0.073
1286.5,79.742,0.080
1287,79.782,0.103
1287.5,79.821,0.085
1288,79.861,0.098
1288.5,79.900,0.105
1289,79.940,0.119
1289.5,79.979,0.126
1290,80.019,0.083
1290.5,80.058,0.118
1291,80.098,0.134
1291.5,80.137,0.160
1292,80.177,0.164
1292.5,80.216,0.167
1293,80.256,0.125
1293.5,80.296,0.162
1294,80.335,0.156
1294.5,80.375,0.144
1295,80.414,0.147
1295.5,80.454,0.116
1296,80.493,0.099
1296.5,80.533,0.089
1297,80.572,0.094
1297.5,80.612,0.091
1298,80.651,0.074
1298.5,80.691,0.076
1299,80.730,0.074
1299.5,80.770,0.067
1300,80.810,0.053
1300.5,80.849,0.050
1301,80.889,0.051
1301.5,80.928,0.055
1302,80.968,0.052
1302.5,81.007,0.049
1303,81.047,0.050
1303.5,81.086,0.048
1304,81.126,0.047
1304.5,81.165,0.045
1305,81.205,0.041
1305.5,81.245,0.039
1306,81.284,0.041
1306.5,81.324,0.036
1307,81.363,0.035
1307.5,81.403,0.037
1308,81.442,0.036
1308.5,81.482,0.036
1309,81.521,0.038
1309.5,81.561,0.037
1310,81.600,0.032
1310.5,81.640,0.031
1311,81.679,0.032
1311.5,81.719,0.031
1312,81.759,0.031
1312.5,81.798,0.027
1313,81.838,0.028
1313.5,81.877,0.027
1314,81.917,0.026
1314.5,81.956,0.027
1315,81.996,0.027
1315.5,82.035,0.027
1316,82.075,0.026
1316.5,82.114,0.027
1317,82.154,0.025
1317.5,82.193,0.027
1318,82.233,0.027
1318.5,82.273,0.028
1319,82.312,0.026
1319.5,82.352,0.029
1320,82.391,0.030
1320.5,82.431,0.030
1321,82.470,0.031
1321.5,82.510,0.032
1322,82.549,0.035
1322.5,82.589,0.030
1323,82.628,0.032
1323.5,82.668,0.034
1324,82.708,0.034
1324.5,82.747,0.033
1325,82.787,0.036
1325.5,82.826,0.039
1326,82.866,0.038
1326.5,82.905,0.043
1327,82.945,0.039
1327.5,82.984,0.051
1328,83.024,0.053
1328.5,83.063,0.062
1329,83.103,0.056
1329.5,83.142,0.067
1330,83.182,0.072
1330.5,83.222,0.068
1331,83.261,0.064
1331.5,83.301,0.059
1332,83.340,0.061
1332.5,83.380,0.060
1333,83.419,0.059
1333.5,83.459,0.068
1334,83.498,0.063
1334.5,83.538,0.059
1335,83.577,0.063
1335.5,83.617,0.064
1336,83.656,0.054
1336.5,83.696,0.049
1337,83.736,0.047
1337.5,83.775,0.048
1338,83.815,0.046
1338.5,83.854,0.051
1339,83.894,0.052
1339.5,83.933,0.051
1340,83.973,0.054
1340.5,84.012,0.061
1341,84.052,0.057
1341.5,84.091,0.061
1342,84.131,0.062
1342.5,84.170,0.054
1343,84.210,0.057
1343.5,84.250,0.057
1344,84.289,0.058
1344.5,84.329,0.058
1345,84.368,0.064
1345.5,84.408,0.063
1346,84.447,0.063
1346.5,84.487,0.067
1347,84.526,0.068
1347.5,84.566,0.066
1348,84.605,0.054
1348.5,84.645,0.067
1349,84.685,0.078
1349.5,84.724,0.076
1350,84.764,0.083
1350.5,84.803,0.076
1351,84.843,0.086
1351.5,84.882,0.107
1352,84.922,0.118
1352.5,84.961,0.115
1353,85.001,0.117
1353.5,85.040,0.121
1354,85.080,0.107
1354.5,85.119,0.120
1355,85.159,0.124
1355.5,85.189,0.132
1356,85.219,0.137
1356.5,85.248,0.143
1357,85.278,0.149
1357.5,85.308,0.128
1358,85.338,0.085
1358.5,85.368,0.136
1359,85.397,0.167
1359.5,85.427,0.201
1360,85.457,0.194
1360.5,85.487,0.189
1361,85.516,0.185
1361.5,85.546,0.187
1362,85.576,0.226
1362.5,85.606,0.225
1363,85.636,0.212
1363.5,85.665,0.203
1364,85.695,0.225
1364.5,85.725,0.235
1365,85.755,0.241
1365.5,85.785,0.255
1366,85.814,0.242
1366.5,85.844,0.243
1367,85.874,0.234
1367.5,85.904,0.261
1368,85.933,0.237
1368.5,85.963,0.237
1369,85.993,0.249
1369.5,86.023,0.264
1370,86.053,0.259
1370.5,86.082,0.256
1371,86.112,0.243
1371.5,86.142,0.258
1372,86.172,0.251
1372.5,86.202,0.228
1373,86.231,0.231
1373.5,86.261,0.250
1374,86.291,0.242
1374.5,86.321,0.231
1375,86.350,0.242
1375.5,86.380,0.240
1376,86.410,0.175
1376.5,86.440,0.216
1377,86.470,0.227
1377.5,86.499,0.211
1378,86.529,0.227
1378.5,86.559,0.215
1379,86.589,0.224
1379.5,86.619,0.226
1380,86.648,0.222
1380.5,86.678,0.231
1381,86.708,0.204
1381.5,86.738,0.184
1382,86.768,0.186
1382.5,86.797,0.176
1383,86.827,0.182
1383.5,86.857,0.189
1384,86.887,0.179
1384.5,86.916,0.160
1385,86.946,0.166
1385.5,86.976,0.149
1386,87.006,0.166
1386.5,87.036,0.185
1387,87.065,0.204
1387.5,87.095,0.199
1388,87.125,0.196
1388.5,87.155,0.198
1389,87.185,0.203
1389.5,87.214,0.205
1390,87.244,0.204
1390.5,87.274,0.197
1391,87.304,0.205
1391.5,87.333,0.196
1392,87.363,0.206
1392.5,87.393,0.221
1393,87.423,0.216
1393.5,87.453,0.230
1394,87.482,0.240
1394.5,87.512,0.241
1395,87.542,0.215
1395.5,87.572,0.224
1396,87.602,0.214
1396.5,87.631,0.218
1397,87.661,0.215
1397.5,87.691,0.203
1398,87.721,0.193
1398.5,87.750,0.185
1399,87.780,0.187
1399.5,87.810,0.171
1400,87.840,0.161
1400.5,87.870,0.132
1401,87.899,0.123
1401.5,87.929,0.130
1402,87.959,0.120
1402.5,88.037,0.114
1403,88.115,0.104
1403.5,88.194,0.090
1404,88.272,0.071
1404.5,88.350,0.054
1405,88.428,0.056
1405.5,88.507,0.053
1406,88.585,0.050
1406.5,88.663,0.046
1407,88.741,0.046
1407.5,88.820,0.046
1408,88.898,0.048
1408.5,88.976,0.048
1409,89.054,0.051
1409.5,89.132,0.053
1410,89.211,0.046
1410.5,89.289,0.047
1411,89.367,0.051
1411.5,89.445,0.055
1412,89.524,0.052
1412.5,89.602,0.050
1413,89.680,0.054
1413.5,89.758,0.055
1414,89.837,0.049
1414.5,89.915,0.054
1415,89.993,0.059
1415.5,90.071,0.059
1416,90.149,0.059
1416.5,90.228,0.059
1417,90.306,0.054
1417.5,90.384,0.053
1418,90.462,0.049
1418.5,90.541,0.049
1419,90.619,0.046
1419.5,90.697,0.045
1420,90.775,0.047
1420.5,90.854,0.051
1421,90.932,0.047
1421.5,91.010,0.050
1422,91.088,0.047
1422.5,91.166,0.044
1423,91.245,0.046
1423.5,91.323,0.045
1424,91.401,0.046
1424.5,91.479,0.048
1425,91.558,0.044
1425.5,91.636,0.048
1426,91.714,0.048
1426.5,91.792,0.048
1427,91.871,0.047
1427.5,91.949,0.045
1428,92.027,0.048
1428.5,92.105,0.048
1429,92.183,0.055
1429.5,92.262,0.055
1430,92.340,0.055
1430.5,92.418,0.053
1431,92.496,0.058
1431.5,92.575,0.070
1432,92.653,0.059
1432.5,92.731,0.049
1433,92.809,0.059
1433.5,92.888,0.060
1434,92.966,0.039
1434.5,93.044,0.055
1435,93.122,0.052
1435.5,93.200,0.049
1436,93.279,0.050
1436.5,93.357,0.049
1437,93.435,0.052
1437.5,93.513,0.051
1438,93.592,0.050
1438.5,93.670,0.048
1439,93.748,0.047
1439.5,93.826,0.045
1440,93.905,0.041
1440.5,93.983,0.040
1441,94.061,0.044
1441.5,94.139,0.046
1442,94.217,0.050
1442.5,94.296,0.055
1443,94.374,0.052
1443.5,94.452,0.052
1444,94.530,0.051
1444.5,94.609,0.047
1445,94.687,0.044
1445.5,94.765,0.050
1446,94.843,0.047
1446.5,94.922,0.051
1447,95.000,0.051
1447.5,95.078,0.052
1448,95.156,0.050
1448.5,95.234,0.054
1449,95.313,0.051
1449.5,95.391,0.043
1450,95.469,0.044
1450.5,95.547,0.042
1451,95.626,0.048
1451.5,95.704,0.046
1452,95.782,0.048
1452.5,95.860,0.052
1453,95.939,0.044
1453.5,96.017,0.044
1454,96.095,0.040
1454.5,96.173,0.036
1455,96.251,0.041
1455.5,96.330,0.044
1456,96.408,0.036
1456.5,96.486,0.034
1457,96.564,0.032
1457.5,96.643,0.038
1458,96.721,0.036
1458.5,96.799,0.038
1459,96.877,0.037
1459.5,96.956,0.036
1460,97.034,0.037
1460.5,97.112,0.033
1461,97.190,0.040
1461.5,97.268,0.039
1462,97.347,0.042
1462.5,97.425,0.037
1463,97.503,0.034
1463.5,97.581,0.037
1464,97.660,0.040
1464.5,97.738,0.038
1465,97.816,0.038
1465.5,97.894,0.036
1466,97.973,0.036
1466.5,98.051,0.036
1467,98.129,0.040
1467.5,98.207,0.036
1468,98.285,0.037
1468.5,98.364,0.040
1469,98.442,0.037
1469.5,98.520,0.037
1470,98.598,0.036
1470.5,98.677,0.036
1471,98.755,0.036
1471.5,98.833,0.034
1472,98.911,0.033
1472.5,98.990,0.035
1473,99.068,0.032
1473.5,99.146,0.033
1474,99.224,0.033
1474.5,99.302,0.032
1475,99.381,0.031
1475.5,99.459,0.030
1476,99.537,0.031
1476.5,99.615,0.031
1477,99.694,0.030
1477.5,99.772,0.030
1478,99.850,0.030
1478.5,99.928,0.028
1479,100.007,0.028
1479.5,100.085,0.028
1480,100.163,0.027
1480.5,100.241,0.028
1481,100.319,0.026
1481.5,100.398,0.026
1482,100.476,0.024
1482.5,100.554,0.024
1483,100.632,0.028
1483.5,100.711,0.026
1484,100.789,0.026
1484.5,100.867,0.026
1485,100.945,0.026
1485.5,101.024,0.026
1486,101.102,0.025
1486.5,101.180,0.024
1487,101.258,0.028
1487.5,101.336,0.028
1488,101.415,0.026
1488.5,101.493,0.026
1489,101.571,0.028
1489.5,101.649,0.023
1490,101.728,0.025
1490.5,101.806,0.024
1491,101.884,0.025
1491.5,101.962,0.024
1492,102.041,0.023
1492.5,102.119,0.024
1493,102.197,0.028
1493.5,102.275,0.031
1494,102.353,0.030
1494.5,102.432,0.029
1495,102.510,0.030
1495.5,102.588,0.035
1496,102.666,0.033
1496.5,102.745,0.033
1497,102.823,0.035
1497.5,102.901,0.030
1498,102.979,0.035
1498.5,103.058,0.039
1499,103.136,0.048
1499.5,103.214,0.024
1500,103.292,0.050
1500.5,103.370,0.058
1501,103.449,0.053
1501.5,103.527,0.058
1502,103.605,0.056
1502.5,103.683,0.059
1503,103.762,0.061
1503.5,103.840,0.057
1504,103.918,0.057
1504.5,103.996,0.043
1505,104.075,0.042
1505.5,104.153,0.057
1506,104.231,0.047
1506.5,104.309,0.044
1507,104.387,0.042
1507.5,104.466,0.031
1508,104.544,0.027
1508.5,104.622,0.032
1509,104.700,0.034
1509.5,104.779,0.023
1510,104.857,0.025
1510.5,104.935,0.026
1511,105.013,0.025
1511.5,105.092,0.024
1512,105.170,0.024
1512.5,105.248,0.024
1513,105.326,0.024
1513.5,105.404,0.024
1514,105.483,0.027
1514.5,105.561,0.023
1515,105.639,0.026
1515.5,105.717,0.035
1516,105.796,0.036
1516.5,105.874,0.032
1517,105.952,0.043
1517.5,106.030,0.044
1518,106.109,0.043
1518.5,106.187,0.040
1519,106.265,0.042
1519.5,106.343,0.042
1520,106.421,0.051
1520.5,106.500,0.046
1521,106.578,0.045
1521.5,106.656,0.057
1522,106.734,0.055
1522.5,106.813,0.051
1523,106.891,0.048
1523.5,106.969,0.048
1524,107.047,0.053
1524.5,107.126,0.043
1525,107.204,0.032
1525.5,107.282,0.038
1526,107.360,0.047
1526.5,107.438,0.045
1527,107.517,0.055
1527.5,107.595,0.051
1528,107.673,0.035
1528.5,107.751,0.034
1529,107.830,0.037
1529.5,107.908,0.061
1530,107.986,0.044
1530.5,108.064,0.052
1531,108.143,0.073
1531.5,108.221,0.087
1532,108.299,0.093
1532.5,108.346,0.090
1533,108.394,0.060
1533.5,108.441,0.088
1534,108.488,0.117
1534.5,108.536,0.151
1535,108.583,0.144
1535.5,108.630,0.145
1536,108.678,0.121
1536.5,108.725,0.128
1537,108.772,0.117
1537.5,108.820,0.115
1538,108.867,0.120
1538.5,108.914,0.131
1539,108.962,0.096
1539.5,109.009,0.120
1540,109.056,0.111
1540.5,109.104,0.157
1541,109.151,0.131
1541.5,109.198,0.088
1542,109.246,0.144
1542.5,109.293,0.140
1543,109.340,0.145
1543.5,109.388,0.151
1544,109.435,0.145
1544.5,109.482,0.111
1545,109.530,0.114
1545.5,109.577,0.169
1546,109.624,0.159
1546.5,109.672,0.172
1547,109.719,0.175
1547.5,109.766,0.156
1548,109.814,0.150
1548.5,109.861,0.121
1549,109.908,0.116
1549.5,109.956,0.121
1550,110.003,0.104
1550.5,110.050,0.105
1551,110.098,0.088
1551.5,110.145,0.089
1552,110.192,0.085
1552.5,110.240,0.084
1553,110.287,0.077
1553.5,110.334,0.082
1554,110.382,0.082
1554.5,110.429,0.076
1555,110.476,0.068
1555.5,110.524,0.073
1556,110.571,0.077
1556.5,110.618,0.082
1557,110.666,0.077
1557.5,110.713,0.077
1558,110.760,0.071
1558.5,110.808,0.075
1559,110.855,0.068
1559.5,110.902,0.075
1560,110.950,0.068
1560.5,110.997,0.064
1561,111.044,0.070
1561.5,111.092,0.064
1562,111.139,0.067
1562.5,111.224,0.063
1563,111.308,0.063
1563.5,111.393,0.067
1564,111.477,0.069
1564.5,111.562,0.065
1565,111.646,0.064
1565.5,111.731,0.068
1566,111.815,0.069
1566.5,111.900,0.067
1567,111.984,0.068
1567.5,112.069,0.068
1568,112.154,0.071
1568.5,112.238,0.076
1569,112.323,0.072
1569.5,112.407,0.076
1570,112.492,0.073
1570.5,112.576,0.076
1571,112.661,0.077
1571.5,112.745,0.081
1572,112.830,0.079
1572.5,112.915,0.081
1573,112.999,0.077
1573.5,113.084,0.083
1574,113.168,0.082
1574.5,113.253,0.080
1575,113.337,0.087
1575.5,113.422,0.086
1576,113.506,0.075
1576.5,113.591,0.075
1577,113.675,0.077
1577.5,113.760,0.072
1578,113.845,0.083
1578.5,113.929,0.075
1579,114.014,0.074
1579.5,114.098,0.073
1580,114.183,0.083
1580.5,114.267,0.093
1581,114.352,0.087
1581.5,114.436,0.078
1582,114.521,0.076
1582.5,114.605,0.079
1583,114.690,0.082
1583.5,114.775,0.076
1584,114.859,0.074
1584.5,114.944,0.077
1585,115.028,0.078
1585.5,115.113,0.075
1586,115.197,0.071
1586.5,115.282,0.064
1587,115.366,0.065
1587.5,115.451,0.068
1588,115.536,0.061
1588.5,115.620,0.062
1589,115.705,0.055
1589.5,115.789,0.053
1590,115.874,0.054
1590.5,115.958,0.056
1591,116.043,0.054
1591.5,116.127,0.057
1592,116.212,0.057
1592.5,116.296,0.055
1593,116.381,0.052
1593.5,116.466,0.051
1594,116.550,0.051
1594.5,116.635,0.045
1595,116.719,0.049
1595.5,116.804,0.050
1596,116.888,0.051
1596.5,116.973,0.056
1597,117.057,0.056
1597.5,117.142,0.054
1598,117.226,0.052
1598.5,117.311,0.045
1599,117.396,0.041
1599.5,117.480,0.036
1600,117.565,0.043
1600.5,117.649,0.037
1601,117.734,0.032
1601.5,117.818,0.031
1602,117.903,0.032
1602.5,117.987,0.034
1603,118.072,0.031
1603.5,118.156,0.031
1604,118.241,0.028
1604.5,118.326,0.028
1605,118.410,0.027
1605.5,118.495,0.024
1606,118.579,0.021
1606.5,118.664,0.021
1607,118.748,0.023
1607.5,118.833,0.022
1608,118.917,0.023
1608.5,119.002,0.020
1609,119.087,0.018
1609.5,119.171,0.019
1610,119.256,0.018
1610.5,119.340,0.016
1611,119.425,0.016
1611.5,119.509,0.016
1612,119.594,0.016
1612.5,119.678,0.016
1613,119.763,0.015
1613.5,119.847,0.015
1614,119.932,0.014
1614.5,120.017,0.014
1615,120.101,0.014
1615.5,120.186,0.014
1616,120.270,0.013
1616.5,120.355,0.017
1617,120.439,0.014
1617.5,120.524,0.014
1618,120.608,0.014
1618.5,120.693,0.014
1619,120.777,0.014
1619.5,120.862,0.014
1620,120.947,0.014
1620.5,121.031,0.014
1621,121.116,0.013
1621.5,121.200,0.012
1622,121.285,0.014
1622.5,121.369,0.013
1623,121.454,0.015
1623.5,121.538,0.015
1624,121.623,0.015
1624.5,121.708,0.012
1625,121.792,0.014
1625.5,121.877,0.017
1626,121.961,0.017
1626.5,122.046,0.017
1627,122.130,0.017
1627.5,122.215,0.015
1628,122.299,0.016
1628.5,122.384,0.016
1629,122.468,0.019
1629.5,122.553,0.018
1630,122.638,0.018
1630.5,122.722,0.018
1631,122.807,0.017
1631.5,122.891,0.019
1632,122.976,0.017
1632.5,123.060,0.017
1633,123.145,0.020
1633.5,123.229,0.019
1634,123.314,0.017
1634.5,123.398,0.016
1635,123.483,0.018
1635.5,123.568,0.016
1636,123.652,0.017
1636.5,123.737,0.016
1637,123.821,0.012
1637.5,123.906,0.019
1638,123.990,0.046
1638.5,124.075,0.021
1639,124.159,0.018
1639.5,124.244,0.018
1640,124.328,0.019
1640.5,124.413,0.021
1641,124.498,0.023
1641.5,124.582,0.021
1642,124.667,0.020
1642.5,124.751,0.021
1643,124.836,0.020
1643.5,124.920,0.020
1644,125.005,0.019
1644.5,125.089,0.019
1645,125.174,0.019
1645.5,125.259,0.019
1646,125.343,0.019
1646.5,125.428,0.018
1647,125.512,0.020
1647.5,125.597,0.020
1648,125.681,0.019
1648.5,125.766,0.020
1649,125.850,0.019
1649.5,125.935,0.019
1650,126.019,0.020
1650.5,126.104,0.020
1651.5,126.273,0.018
1652,126.358,0.018
1652.5,126.442,0.020
1653,126.527,0.018
1653.5,126.611,0.018
1654,126.696,0.019
1654.5,126.780,0.017
1655,126.865,0.019
1655.5,126.949,0.018
1656,127.034,0.018
1656.5,127.119,0.019
1657,127.203,0.020
1657.5,127.288,0.020
1658,127.372,0.019
1658.5,127.457,0.021
1659,127.541,0.020
1659.5,127.626,0.020
1660,127.710,0.022
1660.5,127.795,0.021
1661,127.880,0.024
1661.5,127.964,0.027
1662,128.049,0.020
1662.5,128.133,0.020
1663,128.218,0.034
1663.5,128.302,0.043
1664,128.387,0.055
1664.5,128.471,0.057
1665,128.556,0.064
1665.5,128.640,0.059
1666,128.725,0.061
1666.5,128.810,0.058
1667,128.894,0.271
1667.5,128.979,0.402
